{
	"agcgw":{
		"backurl":"connect-dra.hispace.hicloud.com",
		"url":"connect-dra.dbankcloud.cn",
		"websocketbackurl":"connect-ws-dra.hispace.dbankcloud.com",
		"websocketurl":"connect-ws-dra.hispace.dbankcloud.cn"
	},
	"agcgw_all":{
		"CN":"connect-drcn.dbankcloud.cn",
		"CN_back":"connect-drcn.hispace.hicloud.com",
		"DE":"connect-dre.dbankcloud.cn",
		"DE_back":"connect-dre.hispace.hicloud.com",
		"RU":"connect-drru.dbankcloud.cn",
		"RU_back":"connect-drru.hispace.hicloud.com",
		"SG":"connect-dra.dbankcloud.cn",
		"SG_back":"connect-dra.hispace.hicloud.com"
	},
	"client":{
		"cp_id":"2640084000021025416",
		"product_id":"737518067793684801",
		"client_id":"754310397334406080",
		"client_secret":"6FF7D1969570360CCB04E2F0C5CDDABADBBAC85DD188CC608DC6043FF57120EC",
		"project_id":"737518067793684801",
		"app_id":"104917977",
		"api_key":"CwEAAAAAV7sqwntzadAZIxle5NcWuUHgvYcp/EqW9ubbkrOSWtpWmfp/azO9dI2qUQk1WaZVhMh9knX59w+yKKrB0tGWIZGRKfU=",
		"package_name":"com.example.demoappaccountkit"
	},
	"oauth_client":{
		"client_id":"104917977",
		"client_type":1
	},
	"app_info":{
		"app_id":"104917977",
		"package_name":"com.example.demoappaccountkit"
	},
	"service":{
		"analytics":{
			"collector_url":"datacollector-dra.dt.hicloud.com,datacollector-dra.dt.dbankcloud.cn",
			"collector_url_ru":"datacollector-drru.dt.hicloud.com,datacollector-drru.dt.dbankcloud.cn",
			"collector_url_sg":"datacollector-dra.dt.hicloud.com,datacollector-dra.dt.dbankcloud.cn",
			"collector_url_de":"datacollector-dre.dt.hicloud.com,datacollector-dre.dt.dbankcloud.cn",
			"collector_url_cn":"datacollector-drcn.dt.hicloud.com,datacollector-drcn.dt.dbankcloud.cn",
			"resource_id":"p1",
			"channel_id":""
		},
		"search":{
			"url":"https://search-dra.cloud.huawei.com"
		},
		"cloudstorage":{
			"storage_url":"https://ops-dra.agcstorage.link"
		},
		"ml":{
			"mlservice_url":"ml-api-dra.ai.dbankcloud.com,ml-api-dra.ai.dbankcloud.cn"
		}
	},
	"region":"SG",
	"configuration_version":"3.0",
	"appInfos":[
		{
			"package_name":"com.example.demoappaccountkit",
			"client":{
				"app_id":"104917977"
			},
			"app_info":{
				"package_name":"com.example.demoappaccountkit",
				"app_id":"104917977"
			},
			"oauth_client":{
				"client_type":1,
				"client_id":"104917977"
			}
		}
	]
}