{
	"agcgw":{
		"backurl":"connect-dra.hispace.hicloud.com",
		"url":"connect-dra.dbankcloud.cn",
		"websocketbackurl":"connect-ws-dra.hispace.dbankcloud.com",
		"websocketurl":"connect-ws-dra.hispace.dbankcloud.cn"
	},
	"agcgw_all":{
		"CN":"connect-drcn.dbankcloud.cn",
		"CN_back":"connect-drcn.hispace.hicloud.com",
		"DE":"connect-dre.dbankcloud.cn",
		"DE_back":"connect-dre.hispace.hicloud.com",
		"RU":"connect-drru.dbankcloud.cn",
		"RU_back":"connect-drru.hispace.hicloud.com",
		"SG":"connect-dra.dbankcloud.cn",
		"SG_back":"connect-dra.hispace.hicloud.com"
	},
	"client":{
		"cp_id":"2640084000021010070",
		"product_id":"737518067793684637",
		"client_id":"754280473986878336",
		"client_secret":"EA0FBD1CAEFD9E7FF34AAD478B6BA737F49554226E2F5350391A05A33EE211D9",
		"project_id":"737518067793684637",
		"app_id":"104917801",
		"api_key":"CwEAAAAAN+7kva+RPYfisK2//XCsHOJ4Tf5vii3EzskQyrn+FMhuodiHlZjtznRZR++XUACoKZSN9eKJAC8CCfTmPA9UuAW+i+4=",
		"package_name":"com.example.dokorivpn"
	},
	"oauth_client":{
		"client_id":"104917801",
		"client_type":1
	},
	"app_info":{
		"app_id":"104917801",
		"package_name":"com.example.dokorivpn"
	},
	"service":{
		"analytics":{
			"collector_url":"datacollector-dra.dt.hicloud.com,datacollector-dra.dt.dbankcloud.cn",
			"collector_url_ru":"datacollector-drru.dt.hicloud.com,datacollector-drru.dt.dbankcloud.cn",
			"collector_url_sg":"datacollector-dra.dt.hicloud.com,datacollector-dra.dt.dbankcloud.cn",
			"collector_url_de":"datacollector-dre.dt.hicloud.com,datacollector-dre.dt.dbankcloud.cn",
			"collector_url_cn":"datacollector-drcn.dt.hicloud.com,datacollector-drcn.dt.dbankcloud.cn",
			"resource_id":"p1",
			"channel_id":""
		},
		"search":{
			"url":"https://search-dra.cloud.huawei.com"
		},
		"cloudstorage":{
			"storage_url":"https://ops-dra.agcstorage.link"
		},
		"ml":{
			"mlservice_url":"ml-api-dra.ai.dbankcloud.com,ml-api-dra.ai.dbankcloud.cn"
		}
	},
	"region":"SG",
	"configuration_version":"3.0",
	"appInfos":[
		{
			"package_name":"com.example.dokorivpn",
			"client":{
				"app_id":"104917801"
			},
			"app_info":{
				"package_name":"com.example.dokorivpn",
				"app_id":"104917801"
			},
			"oauth_client":{
				"client_type":1,
				"client_id":"104917801"
			}
		}
	]
}